and,34
to,17
,11
of,11
a,11
the,11
in,10
.,8
data,8
NREL,7
will,7
with,7
The,6
is,6
for,6
energy,6
or,6
as,5
experience,5
programming,4
intern,4
work,4
science,4
an,4
you,4
Experience,3
position,3
Please,3
scientific,3
have,3
applicants,3
including,3
that,3
each,3
on,3
provide,2
past,2
both,2
management,2
new,2
12,2
CO,2
are,2
at,2
using,2
diverse,2
Security,2
systems,2
months,2
include,2
projects,2
"status,",2
high,2
some,2
"Golden,",2
degree,2
should,2
-,2
not,2
skills,2
"programming,",2
full-time,2
Department,2
be,2
well,2
All,2
time,2
efficient,2
analysis,2
from,2
technologies,2
future,2
Internship,2
renewable,2
cluster,2
learn,2
databases,2
APIs,1
marital,1
Performance,1
writing,1
Linux/Unix,1
GPA,1
Hours,1
make,1
"program,",1
point,1
statistical,1
cumulative,1
E-Verify.,1
learning,1
"modeling,",1
Spark/Hadoop,1
candidates,1
Unix/Linux,1
letter,1
Laboratory,1
equal,1
(Peregrine),1
student,1
Form,1
©,1
These,1
promotes,1
against,1
"D.C.,",1
locations,1
queries.,1
coding,1
Windows.,1
enrolled,1
leader,1
scale.,1
48-node,1
2017,1
Demonstrated,1
Ability,1
Week,1
related,1
open,1
"Experience,",1
"(optionally,",1
basis,1
Energy’s,1
source,1
Required,1
full,1
believe,1
structures,1
Submission,1
"ancestry,",1
Intern,1
"color,",1
"curiosity,",1
transcripts,1
systems.,1
"necessary,",1
domains.,1
machine,1
dedicated,1
considered,1
transportation,1
confirm,1
Position,1
"age,",1
Applications,1
other,1
"computing,",1
kept,1
Job,1
and/or,1
scripting,1
perceived,1
Golden,1
sexual,1
Note:,1
turbine,1
discrimination,1
Location,1
predictive,1
modeling.,1
National,1
needs,1
veteran,1
techniques,1
performance,1
graduated,1
must,1
frameworks,1
form,1
use,1
object-oriented,1
Preferred,1
duties,1
40,1
Per,1
hours,1
fleet,1
applied,1
"(DHS),",1
Posting,1
quickly,1
Summary,1
Administration,1
grade,1
"religion,",1
solve,1
Washington,1
knowledge,1
About,1
gearbox,1
parallel,1
validates,1
cannot,1
understand,1
(CSC),1
data.,1
Minimum,1
"(SQL),",1
scripts,1
Policy,1
group,1
authorization.,1
Computing,1
granting,1
analysis.,1
perform,1
staff,1
relevant,1
mission,1
period,1
multiple,1
institution.,1
accessing,1
center,1
United,1
software.,1
"(e.g.,",1
"Java,",1
development,1
"origin,",1
python,1
job,1
Specific,1
scientists,1
graduation.,1
exceed,1
actual,1
(NREL),1
right,1
primary,1
(undergraduate,1
include:,1
modern,1
model,1
Data,1
datacenter,1
differing,1
how,1
employee’s,1
deployment,1
workers,1
advance,1
any,1
I-9,1
software,1
Must,1
involve,1
veterans.,1
big,1
Full,1
plotting,1
Renewable,1
"languages),",1
sustainable.,1
background,1
computational,1
Energy,1
Before,1
"practices,",1
year-round,1
"(ETL),",1
resume,1
reserved.,1
organization,1
seeking,1
file,1
Round),1
"Workday,",1
prohibits,1
Matlab).,1
national,1
"curation,",1
"design,",1
employment,1
problems,1
information,1
apply,1
secure,1
Homeland,1
visualization,1
note,1
"plot.ly,",1
"race,",1
special,1
Us,1
"and,",1
States.,1
testing,1
wind,1
economically,1
goals.,1
application.,1
environmentally,1
Guidelines,1
"prognostics,",1
(Year,1
opportunity.,1
adapt,1
prior,1
libraries,1
(Fixed,1
familiarity,1
"(R,",1
vehicle,1
effort,1
our,1
(HPC),1
rights,1
ability,1
Skills,1
enrollment.,1
settings.,1
operating,1
Inc.,1
environment,1
smart-building,1
R1956,1
verify,1
"selection,",1
nation’s,1
application,1
facilities,1
EEO,1
unlawful,1
addition,1
also,1
order,1
if,1
"Education,",1
average.,1
Type,1
does,1
matplotlib).,1
address,1
need,1
Boulder,1
"research,",1
qualified.,1
distributed,1
innovation,1
graduate).,1
With,1
"engineering,",1
willingness,1
accredited,1
mixture,1
which,1
ingest,1
Term),1
3.0,1
Optional,1
unofficial,1
existing,1
"sex,",1
interview,1
"disability,",1
Interested,1
High,1
"data,",1
positions.,1
applicant,1
Social,1
building,1
laboratory,1
week),1
develop,1
languages,1
"orientation,",1
Successful,1
environmental,1
disabled,1
principles,1
discriminate,1
Title,1
patterns,1
transfer,1
Qualifications,1
(40,1
submit,1
cover,1
Scientist,1
strong,1
per,1
(SSA),1
U.S.,1
